Categoria,Ingresos,Total_Rentas
Action,4375.85,1112
Animation,4656.3,1166
Children,3655.55,945
Classics,3639.59,939
Comedy,4383.58,941
Documentary,4217.52,1050
Drama,4587.39,1060
Family,4226.070000000001,1096
Foreign,4270.67,1033
Games,4281.33,969
Horror,3722.54,846
Music,3417.7200000000003,830
New,4351.62,940
Sci-Fi,4756.9800000000005,1101
Sports,5314.21,1179
Travel,3549.6400000000003,837
